<?xml version="1.0" encoding="UTF-8"?>
<root>
  <item name="com.mapbox.android.gestures.AndroidGesturesManager.GestureType">
    <annotation name="android.support.annotation.IntDef">
      <val name="value" val="{com.mapbox.android.gestures.AndroidGesturesManager.GESTURE_TYPE_SCROLL, com.mapbox.android.gestures.AndroidGesturesManager.GESTURE_TYPE_SCALE, com.mapbox.android.gestures.AndroidGesturesManager.GESTURE_TYPE_ROTATE, com.mapbox.android.gestures.AndroidGesturesManager.GESTURE_TYPE_SHOVE, com.mapbox.android.gestures.AndroidGesturesManager.GESTURE_TYPE_MULTI_FINGER_TAP, com.mapbox.android.gestures.AndroidGesturesManager.GESTURE_TYPE_SINGLE_TAP_UP, com.mapbox.android.gestures.AndroidGesturesManager.GESTURE_TYPE_LONG_PRESS, com.mapbox.android.gestures.AndroidGesturesManager.GESTURE_TYPE_FLING, com.mapbox.android.gestures.AndroidGesturesManager.GESTURE_TYPE_SHOW_PRESS, com.mapbox.android.gestures.AndroidGesturesManager.GESTURE_TYPE_DOWN, com.mapbox.android.gestures.AndroidGesturesManager.GESTURE_TYPE_DOUBLE_TAP, com.mapbox.android.gestures.AndroidGesturesManager.GESTURE_TYPE_DOUBLE_TAP_EVENT, com.mapbox.android.gestures.AndroidGesturesManager.GESTURE_TYPE_SINGLE_TAP_CONFIRMED, com.mapbox.android.gestures.AndroidGesturesManager.GESTURE_TYPE_MOVE, com.mapbox.android.gestures.AndroidGesturesManager.GESTURE_TYPE_SIDEWAYS_SHOVE}" />
    </annotation>
  </item>
  <item name="com.mapbox.android.gestures.BaseGesture boolean canExecute(int) 0">
    <annotation name="android.support.annotation.IntDef">
      <val name="value" val="{com.mapbox.android.gestures.AndroidGesturesManager.GESTURE_TYPE_SCROLL, com.mapbox.android.gestures.AndroidGesturesManager.GESTURE_TYPE_SCALE, com.mapbox.android.gestures.AndroidGesturesManager.GESTURE_TYPE_ROTATE, com.mapbox.android.gestures.AndroidGesturesManager.GESTURE_TYPE_SHOVE, com.mapbox.android.gestures.AndroidGesturesManager.GESTURE_TYPE_MULTI_FINGER_TAP, com.mapbox.android.gestures.AndroidGesturesManager.GESTURE_TYPE_SINGLE_TAP_UP, com.mapbox.android.gestures.AndroidGesturesManager.GESTURE_TYPE_LONG_PRESS, com.mapbox.android.gestures.AndroidGesturesManager.GESTURE_TYPE_FLING, com.mapbox.android.gestures.AndroidGesturesManager.GESTURE_TYPE_SHOW_PRESS, com.mapbox.android.gestures.AndroidGesturesManager.GESTURE_TYPE_DOWN, com.mapbox.android.gestures.AndroidGesturesManager.GESTURE_TYPE_DOUBLE_TAP, com.mapbox.android.gestures.AndroidGesturesManager.GESTURE_TYPE_DOUBLE_TAP_EVENT, com.mapbox.android.gestures.AndroidGesturesManager.GESTURE_TYPE_SINGLE_TAP_CONFIRMED, com.mapbox.android.gestures.AndroidGesturesManager.GESTURE_TYPE_MOVE, com.mapbox.android.gestures.AndroidGesturesManager.GESTURE_TYPE_SIDEWAYS_SHOVE}" />
    </annotation>
  </item>
</root>

